{"name":"a564f788-aa82-492e-b918-4a8c1f2d6761","id":"/providers/Microsoft.Flow/flows/a564f788-aa82-492e-b918-4a8c1f2d6761","type":"Microsoft.Flow/flows","properties":{"apiId":"/providers/Microsoft.PowerApps/apis/shared_logicflows","displayName":"Stock Data Report","definition":{"metadata":{"workflowEntityId":null,"processAdvisorMetadata":null,"flowChargedByPaygo":null,"flowclientsuspensionreason":"None","flowclientsuspensiontime":null,"flowclientsuspensionreasondetails":null,"creator":{"id":"4d98f3f6-e3a8-42d6-bdbc-b32e2e039ed3","type":"User","tenantId":"2d31feb6-19f9-4e98-bd2b-9ea1c5fc375f"},"provisioningMethod":"FromDefinition","failureAlertSubscription":true,"clientLastModifiedTime":"2024-10-08T17:20:08.0001308Z","connectionKeySavedTimeKey":"2024-10-08T17:20:08.0001308Z"},"$schema":"https://schema.management.azure.com/providers/Microsoft.Logic/schemas/2016-06-01/workflowdefinition.json#","contentVersion":"1.0.0.0","parameters":{"$authentication":{"defaultValue":{},"type":"SecureObject"},"$connections":{"defaultValue":{},"type":"Object"}},"triggers":{"When_a_file_is_modified_(properties_only)":{"recurrence":{"interval":3,"frequency":"Minute"},"splitOn":"@triggerOutputs()?['body']","metadata":{"b!64m7au61BkuGFgGXU4i8Pt83K1FRBpBCls3mnpQ-ocFC3CFlXiwfQqM8W98Oq2PH.01TEDRNS467IW3GGIDBVEKE63DID2IUIGU":"/Stock_Data"},"type":"OpenApiConnection","inputs":{"parameters":{"folderId":"b!64m7au61BkuGFgGXU4i8Pt83K1FRBpBCls3mnpQ-ocFC3CFlXiwfQqM8W98Oq2PH.01TEDRNS467IW3GGIDBVEKE63DID2IUIGU"},"host":{"apiId":"/providers/Microsoft.PowerApps/apis/shared_onedriveforbusiness","connectionName":"shared_onedriveforbusiness","operationId":"OnUpdatedFilesV2"},"authentication":"@parameters('$authentication')"}}},"actions":{"Get_file_content":{"runAfter":{},"metadata":{"b!64m7au61BkuGFgGXU4i8Pt83K1FRBpBCls3mnpQ-ocFC3CFlXiwfQqM8W98Oq2PH.01TEDRNS67QIKJHV3GWJHKXEQA2VADVXH6":"/Stock_Data/stock_data.xlsx"},"type":"OpenApiConnection","inputs":{"parameters":{"id":"b!64m7au61BkuGFgGXU4i8Pt83K1FRBpBCls3mnpQ-ocFC3CFlXiwfQqM8W98Oq2PH.01TEDRNS67QIKJHV3GWJHKXEQA2VADVXH6","inferContentType":true},"host":{"apiId":"/providers/Microsoft.PowerApps/apis/shared_onedriveforbusiness","connectionName":"shared_onedriveforbusiness","operationId":"GetFileContent"},"authentication":"@parameters('$authentication')"}},"Refresh_a_dataset":{"runAfter":{"Get_file_content":["Succeeded"]},"type":"OpenApiConnection","inputs":{"parameters":{"groupid":"myworkspace","datasetid":"48c7ebf4-5392-4a67-adb1-78e0c6ca3870"},"host":{"apiId":"/providers/Microsoft.PowerApps/apis/shared_powerbi","connectionName":"shared_powerbi","operationId":"RefreshDataset"},"authentication":"@parameters('$authentication')"}}},"outputs":{}},"connectionReferences":{"shared_onedriveforbusiness":{"connectionName":"shared-onedriveforbu-6f4da08d-ca5d-4a89-9bf3-f5ab423b105d","source":"Embedded","id":"/providers/Microsoft.PowerApps/apis/shared_onedriveforbusiness","tier":"NotSpecified"},"shared_powerbi":{"connectionName":"shared-powerbi-afed8241-1fca-4680-9518-cf7f073eadda","source":"Embedded","id":"/providers/Microsoft.PowerApps/apis/shared_powerbi","tier":"NotSpecified"}},"flowFailureAlertSubscribed":false,"isManaged":false}}